1,Fay,Finder,ffinder0@geocities.jp
2,Edeline,Littledike,elittledike1@webnode.com
3,Mollee,Oakeshott,moakeshott2@cyberchimps.com
4,Diego,Arnefield,darnefield3@fastcompany.com
5,Boothe,Stieger,bstieger4@berkeley.edu
6,Levi,Fentem,lfentem5@psu.edu
7,Dag,Tregenza,dtregenza6@oakley.com
8,Woodie,Lorroway,wlorroway7@bluehost.com
9,Lolita,Radclyffe,lradclyffe8@bloglovin.com
10,Frayda,Vasquez,fvasquez9@webs.com
11,Caroljean,Brizell,cbrizella@ebay.co.uk
12,Betteann,Stovin,bstovinb@squidoo.com
13,Elias,Jacobssen,ejacobssenc@google.fr
14,Easter,Lethardy,elethardyd@umn.edu
15,Giorgia,Gosson,ggossone@unc.edu
16,Ben,Ouslem,bouslemf@hhs.gov
17,Elle,Crown,ecrowng@clickbank.net
18,Bradly,Bridgen,bbridgenh@sohu.com
19,Klement,Birwhistle,kbirwhistlei@techcrunch.com
20,Willis,Muldrew,wmuldrewj@yellowbook.com
21,Jacklin,Langforth,jlangforthk@statcounter.com
22,Ediva,Sail,esaill@theguardian.com
23,Laughton,Cronin,lcroninm@chronoengine.com
24,Sisile,MacLese,smaclesen@mayoclinic.com
25,Melony,Nutley,mnutleyo@free.fr
26,Jamison,Fernley,jfernleyp@t-online.de
27,Rosalinde,Sayes,rsayesq@pagesperso-orange.fr
28,Merrick,Kalf,mkalfr@fastcompany.com
29,Leonelle,Pittet,lpittets@shareasale.com
30,Baxter,Masserel,bmasserelt@europa.eu
31,Hayes,Blinde,hblindeu@businesswire.com
32,Alexis,Garnsey,agarnseyv@tmall.com
33,Romain,Darrington,rdarringtonw@google.co.uk
34,Candi,Dyde,cdydex@arizona.edu
35,Bat,Nevinson,bnevinsony@symantec.com
36,Hans,Mounsie,hmounsiez@indiegogo.com
37,Sandie,Woodhams,swoodhams10@friendfeed.com
38,Ada,Patemore,apatemore11@cornell.edu
39,Tasia,Amsberger,tamsberger12@wikipedia.org
40,Shamus,Merrall,smerrall13@weebly.com
41,Cathryn,Fawdry,cfawdry14@mozilla.com
42,Cassie,Le - Count,clecount15@cam.ac.uk
43,Johnnie,Vanns,jvanns16@ifeng.com
44,Jori,Huglin,jhuglin17@theglobeandmail.com
45,Liva,Farncomb,lfarncomb18@examiner.com
46,Garrard,Cohalan,gcohalan19@51.la
47,Mellie,Cajkler,mcajkler1a@wiley.com
48,Edgar,Dunne,edunne1b@blog.com
49,Christye,Warsop,cwarsop1c@ted.com
50,Annis,Huban,ahuban1d@globo.com
51,Jaquenetta,Depport,jdepport1e@amazon.co.uk
52,Pier,O' Byrne,pobyrne1f@disqus.com
53,Carey,Bruhn,cbruhn1g@admin.ch
54,Floris,Kayser,fkayser1h@xinhuanet.com
55,Domeniga,Zoren,dzoren1i@diigo.com
56,Rosabelle,Boud,rboud1j@php.net
57,Kevin,Clardge,kclardge1k@zdnet.com
58,Liz,Bedle,lbedle1l@archive.org
59,Christabel,Hrachovec,chrachovec1m@bravesites.com
60,Erina,Reddington,ereddington1n@hhs.gov
61,Goober,Vallintine,gvallintine1o@sina.com.cn
62,Didi,Julyan,djulyan1p@jimdo.com
63,Maggi,Harg,mharg1q@fastcompany.com
64,Ardenia,Verrills,averrills1r@buzzfeed.com
65,Celle,Alben,calben1s@hibu.com
66,Luke,Hearne,lhearne1t@google.co.uk
67,Abbye,Fossett,afossett1u@bbb.org
68,Eleni,Gelling,egelling1v@jalbum.net
69,Laetitia,Pettis,lpettis1w@unc.edu
70,Curtice,Blaske,cblaske1x@lulu.com
71,Carolyne,Hexham,chexham1y@ucla.edu
72,Eldredge,Jaffray,ejaffray1z@addtoany.com
73,Morna,Archbell,marchbell20@theglobeandmail.com
74,Ealasaid,Jeness,ejeness21@bloglovin.com
75,Kesley,Hackleton,khackleton22@istockphoto.com
76,Aldon,Blackler,ablackler23@washingtonpost.com
77,Lorens,Curme,lcurme24@blinklist.com
78,Demetri,Eixenberger,deixenberger25@abc.net.au
79,Delaney,Skamell,dskamell26@soundcloud.com
80,Cybill,Wiggam,cwiggam27@ow.ly
81,Linzy,Gostick,lgostick28@biglobe.ne.jp
82,Abigael,Skoof,askoof29@eventbrite.com
83,Lynsey,Bahlmann,lbahlmann2a@princeton.edu
84,Elisha,Yansons,eyansons2b@prlog.org
85,Coralyn,Stockman,cstockman2c@ehow.com
86,Desiree,Matteoli,dmatteoli2d@omniture.com
87,Rebeka,Greatbach,rgreatbach2e@state.gov
88,Jamal,Valero,jvalero2f@google.pl
89,Evin,Petrichat,epetrichat2g@hud.gov
90,Gerda,Ludee,gludee2h@1688.com
91,Langston,Brizell,lbrizell2i@unesco.org
92,Drusy,Semmence,dsemmence2j@latimes.com
93,Lela,Twinbourne,ltwinbourne2k@flickr.com
94,Sharyl,Cunradi,scunradi2l@baidu.com
95,Matthus,Paschke,mpaschke2m@harvard.edu
96,Tiler,Camplen,tcamplen2n@example.com
97,Obediah,Byram,obyram2o@devhub.com
98,Peyter,Yoseloff,pyoseloff2p@dailymail.co.uk
99,Ray,Treamayne,rtreamayne2q@cbsnews.com
100,Jaynell,Beernt,jbeernt2r@google.co.uk
101,Connie,Lincke,clincke2s@de.vu
102,Lewie,Conboy,lconboy2t@amazon.co.jp
103,Aaron,Gowrie,agowrie2u@loc.gov
104,Kylila,Bandiera,kbandiera2v@sphinn.com
105,Boothe,Reeder,breeder2w@last.fm
106,Wenonah,De L'Isle,wdelisle2x@hatena.ne.jp
107,Isac,Storr,istorr2y@pbs.org
108,Doralyn,Allchorne,dallchorne2z@gmpg.org
109,Camille,Moorman,cmoorman30@ucoz.com
110,Putnam,Gaye,pgaye31@ehow.com
111,Flossi,Olivey,folivey32@telegraph.co.uk
112,Teriann,Favel,tfavel33@scribd.com
113,Sabra,Titterrell,stitterrell34@ebay.co.uk
114,Leland,Puckrin,lpuckrin35@unicef.org
115,Gram,Malcolmson,gmalcolmson36@github.com
116,Carline,Hencke,chencke37@discovery.com
117,Thorny,Isacq,tisacq38@clickbank.net
118,Nannette,Walklett,nwalklett39@zimbio.com
119,Gabriello,Kobpac,gkobpac3a@uiuc.edu
120,Son,Skynner,sskynner3b@reuters.com
121,Pail,Menego,pmenego3c@ibm.com
122,Clevie,Toward,ctoward3d@thetimes.co.uk
123,Bernadina,Speedin,bspeedin3e@google.pl
124,Margarethe,McGaw,mmcgaw3f@discovery.com
125,Rianon,Chessum,rchessum3g@answers.com
126,Gaven,Kornes,gkornes3h@wikispaces.com
127,Katey,Getley,kgetley3i@live.com
128,Way,Tarpey,wtarpey3j@craigslist.org
129,Miranda,Shorto,mshorto3k@pagesperso-orange.fr
130,Germana,Crookshanks,gcrookshanks3l@shop-pro.jp
131,Bliss,Allonby,ballonby3m@php.net
132,Juliette,Bernhardt,jbernhardt3n@bloomberg.com
133,Edd,Pezey,epezey3o@mashable.com
134,Israel,Alejandro,ialejandro3p@cdbaby.com
135,Dorian,Lorincz,dlorincz3q@sakura.ne.jp
136,Ariela,Chaman,achaman3r@nature.com
137,Rod,Dornan,rdornan3s@sciencedaily.com
138,Matty,Gadie,mgadie3t@un.org
139,Winonah,Archbutt,warchbutt3u@google.es
140,Emily,Bartzen,ebartzen3v@un.org
141,Winnifred,Peerless,wpeerless3w@usatoday.com
142,Enrica,Tesh,etesh3x@myspace.com
143,Sherie,Keeting,skeeting3y@elpais.com
144,Onida,Erasmus,oerasmus3z@tripod.com
145,Lodovico,Wanklyn,lwanklyn40@mysql.com
146,Nola,Treske,ntreske41@paginegialle.it
147,Ailey,Topley,atopley42@smh.com.au
148,Cyrill,Doge,cdoge43@admin.ch
149,Nickie,Youthead,nyouthead44@51.la
150,Rozanna,Sircombe,rsircombe45@scribd.com
151,Marilee,Boome,mboome46@cisco.com
152,Bea,Rides,brides47@mozilla.com
153,Grace,Jell,gjell48@printfriendly.com
154,Twila,Sreenan,tsreenan49@hostgator.com
155,Agnola,Albery,aalbery4a@multiply.com
156,Robbi,Mainds,rmainds4b@live.com
157,Matthieu,Marzellano,mmarzellano4c@fda.gov
158,Shanan,Shadfourth,sshadfourth4d@loc.gov
159,Queenie,O'Dulchonta,qodulchonta4e@mayoclinic.com
160,Vida,Stockoe,vstockoe4f@mapy.cz
161,Fulvia,Posselwhite,fposselwhite4g@nifty.com
162,Torrey,Vasyagin,tvasyagin4h@miibeian.gov.cn
163,Francisco,Codman,fcodman4i@lulu.com
164,Penn,Batistelli,pbatistelli4j@slashdot.org
165,Dacy,Druhan,ddruhan4k@studiopress.com
166,Kendal,Rowell,krowell4l@illinois.edu
167,Leeland,Caudray,lcaudray4m@sfgate.com
168,Missy,Dood,mdood4n@scientificamerican.com
169,Carmela,Hofner,chofner4o@comsenz.com
170,Oberon,Bridgeland,obridgeland4p@eepurl.com
171,Chelsey,Vest,cvest4q@mashable.com
172,Rabbi,Morigan,rmorigan4r@a8.net
173,Wait,Lambell,wlambell4s@zdnet.com
174,Stoddard,Feldbrin,sfeldbrin4t@odnoklassniki.ru
175,Terese,Cayley,tcayley4u@networksolutions.com
176,Marline,Whebell,mwhebell4v@marketwatch.com
177,Selig,Twallin,stwallin4w@multiply.com
178,Barbette,Livingston,blivingston4x@yandex.ru
179,Robena,Dilrew,rdilrew4y@hibu.com
180,Morrie,Wymer,mwymer4z@a8.net
181,Malinde,Breche,mbreche50@marketwatch.com
182,Alford,Pick,apick51@harvard.edu
183,Olly,Etter,oetter52@amazon.com
184,Camellia,Brolan,cbrolan53@a8.net
185,Lief,Aymerich,laymerich54@dyndns.org
186,Stefan,Emlyn,semlyn55@ibm.com
187,Rosella,Sommerscales,rsommerscales56@sakura.ne.jp
188,Fleming,Chaperling,fchaperling57@wordpress.org
189,Stacia,Lehon,slehon58@discovery.com
190,Rosina,Dyka,rdyka59@fema.gov
191,Rhona,Barkworth,rbarkworth5a@china.com.cn
192,Berri,Gravy,bgravy5b@stumbleupon.com
193,Rachele,Roston,rroston5c@hexun.com
194,Ingeborg,Blodget,iblodget5d@mayoclinic.com
195,Marlin,Appleton,mappleton5e@cbsnews.com
196,Atalanta,Milmith,amilmith5f@hp.com
197,Caitrin,Bauld,cbauld5g@hao123.com
198,Sianna,Bullant,sbullant5h@patch.com
199,Gib,Brealey,gbrealey5i@123-reg.co.uk
200,Shepherd,Glavis,sglavis5j@google.nl
201,Luca,Lantiff,llantiff5k@hhs.gov
202,Enos,McNysche,emcnysche5l@fotki.com
203,Giorgia,Phoenix,gphoenix5m@berkeley.edu
204,Staci,Reidshaw,sreidshaw5n@comcast.net
205,Annadiane,Cuthbertson,acuthbertson5o@diigo.com
206,Binny,Matterface,bmatterface5p@kickstarter.com
207,Phelia,Shurmore,pshurmore5q@jimdo.com
208,Wolfgang,Elwel,welwel5r@360.cn
209,Concordia,Ferro,cferro5s@stanford.edu
210,Kendell,Bonnar,kbonnar5t@redcross.org
211,Esdras,Pionter,epionter5u@geocities.com
212,Hollis,Peplay,hpeplay5v@example.com
213,Edgar,O'Gavin,eogavin5w@sourceforge.net
214,Brina,Ziehms,bziehms5x@taobao.com
215,Randy,Dwire,rdwire5y@yandex.ru
216,Melodee,Lording,mlording5z@huffingtonpost.com
217,Ambur,Clemmow,aclemmow60@soup.io
218,Byram,Sheaber,bsheaber61@answers.com
219,Wilie,Flowerden,wflowerden62@geocities.com
220,Farr,Stove,fstove63@merriam-webster.com
221,Brigitta,Gladeche,bgladeche64@zdnet.com
222,Leila,Slocum,lslocum65@jalbum.net
223,Trista,Prestner,tprestner66@harvard.edu
224,Tiphanie,Errichiello,terrichiello67@arizona.edu
225,Donnell,MacDearmont,dmacdearmont68@nih.gov
226,Edee,Chetwynd,echetwynd69@phoca.cz
227,Hermann,Featherston,hfeatherston6a@instagram.com
228,Sax,McLaverty,smclaverty6b@blogspot.com
229,Carleen,Benedito,cbenedito6c@flickr.com
230,Ansel,Edelston,aedelston6d@youtu.be
231,Ronny,Eardley,reardley6e@usatoday.com
232,Davie,Golton,dgolton6f@eventbrite.com
233,Rhoda,Jex,rjex6g@arizona.edu
234,Philomena,Turmell,pturmell6h@businessweek.com
235,Aindrea,Ducastel,aducastel6i@nbcnews.com
236,Lukas,Sabine,lsabine6j@usda.gov
237,Wilow,MacCauley,wmaccauley6k@pcworld.com
238,Kippie,Conneau,kconneau6l@lycos.com
239,Antoni,Grahl,agrahl6m@si.edu
240,Pete,Barthelet,pbarthelet6n@archive.org
241,Welbie,Matczak,wmatczak6o@vinaora.com
242,Sacha,Perrone,sperrone6p@t.co
243,Dee dee,Glede,dglede6q@de.vu
244,Gavra,Loveitt,gloveitt6r@bloglovin.com
245,Yardley,Ollier,yollier6s@google.ca
246,Bailie,Glasscoe,bglasscoe6t@europa.eu
247,Demott,Jozaitis,djozaitis6u@comcast.net
248,Saundra,Portchmouth,sportchmouth6v@sun.com
249,Jecho,Yu,jyu6w@fotki.com
250,Dex,Janout,djanout6x@harvard.edu
251,Dulciana,Adshead,dadshead6y@disqus.com
252,Lauri,Frondt,lfrondt6z@cmu.edu
253,Boy,Sawtell,bsawtell70@naver.com
254,Leontine,Kinde,lkinde71@t.co
255,Philippa,Kershow,pkershow72@google.it
256,Lucias,Naish,lnaish73@meetup.com
257,Luz,Ivanyushkin,livanyushkin74@list-manage.com
258,Tymon,Sunderland,tsunderland75@fotki.com
259,Sheeree,Marzella,smarzella76@google.ca
260,Marta,Brownjohn,mbrownjohn77@oracle.com
261,Marijo,McAllen,mmcallen78@apache.org
262,Esra,Hellikes,ehellikes79@accuweather.com
263,Phil,McVaugh,pmcvaugh7a@google.ca
264,Kai,Ambroix,kambroix7b@cdc.gov
265,Wilbert,Leguay,wleguay7c@joomla.org
266,Margery,Scurlock,mscurlock7d@usda.gov
267,Hulda,Gouthier,hgouthier7e@squidoo.com
268,Helen,Rubenczyk,hrubenczyk7f@xing.com
269,Adelina,Field,afield7g@unc.edu
270,Xena,Ayerst,xayerst7h@macromedia.com
271,Fredek,Dundredge,fdundredge7i@histats.com
272,Siusan,Schmidt,sschmidt7j@moonfruit.com
273,Karrie,Ramelet,kramelet7k@sohu.com
274,Nina,Trood,ntrood7l@networksolutions.com
275,Cate,Jelf,cjelf7m@springer.com
276,Fina,Pillington,fpillington7n@tinypic.com
277,Ikey,Stearn,istearn7o@house.gov
278,Pedro,Thicking,pthicking7p@netvibes.com
279,Candi,Vedyashkin,cvedyashkin7q@parallels.com
280,Timmie,Cars,tcars7r@yahoo.co.jp
281,Sarita,Howie,showie7s@deliciousdays.com
282,Henrik,Govinlock,hgovinlock7t@senate.gov
283,Dwight,Brydson,dbrydson7u@prlog.org
284,Monty,Froom,mfroom7v@businesswire.com
285,Connie,Firbank,cfirbank7w@zimbio.com
286,Emelen,Cumberlidge,ecumberlidge7x@state.gov
287,Feliza,Minget,fminget7y@archive.org
288,Tobey,Aiskrigg,taiskrigg7z@cnbc.com
289,Clarey,Parslow,cparslow80@drupal.org
290,Alfy,Gourlie,agourlie81@lulu.com
291,Elianore,Curnnokk,ecurnnokk82@narod.ru
292,Whitman,MacGuffie,wmacguffie83@csmonitor.com
293,Jillie,Tebbe,jtebbe84@google.com
294,Nadean,Siviter,nsiviter85@discuz.net
295,Nick,Stormouth,nstormouth86@webs.com
296,Elianora,Andreone,eandreone87@utexas.edu
297,Adolf,McCraine,amccraine88@facebook.com
298,Reinhold,Fowls,rfowls89@thetimes.co.uk
299,Gothart,Pock,gpock8a@slashdot.org
300,Burlie,Barribal,bbarribal8b@bloglines.com
301,Elizabet,Krolle,ekrolle8c@webmd.com
302,Sheree,Scolding,sscolding8d@blogspot.com
303,Tiebold,Pedgrift,tpedgrift8e@uol.com.br
304,Thorvald,Osborne,tosborne8f@free.fr
305,Anatol,Manicomb,amanicomb8g@nationalgeographic.com
306,Darcee,Frain,dfrain8h@ovh.net
307,Romain,Dimelow,rdimelow8i@reddit.com
308,Ivonne,Larrad,ilarrad8j@ucsd.edu
309,Estella,Peiro,epeiro8k@ustream.tv
310,Addie,Ellaway,aellaway8l@freewebs.com
311,Vally,Harbour,vharbour8m@geocities.jp
312,Ofella,Ghione,oghione8n@tuttocitta.it
313,Hercules,Thornbarrow,hthornbarrow8o@umich.edu
314,Bianka,Spavon,bspavon8p@vkontakte.ru
315,Yuri,Philipsohn,yphilipsohn8q@privacy.gov.au
316,Kippar,Januszewicz,kjanuszewicz8r@telegraph.co.uk
317,Channa,Allderidge,callderidge8s@webmd.com
318,Fidelio,Lott,flott8t@geocities.com
319,Jessika,Anand,janand8u@msu.edu
320,Shel,Wanden,swanden8v@jugem.jp
321,Melisenda,Nizard,mnizard8w@aboutads.info
322,Isadora,Shillam,ishillam8x@behance.net
323,Gnni,Sallowaye,gsallowaye8y@discovery.com
324,Cody,Fitter,cfitter8z@slate.com
325,Ann-marie,Rigeby,arigeby90@dion.ne.jp
326,Obed,Marvelley,omarvelley91@multiply.com
327,Israel,Peattie,ipeattie92@hud.gov
328,Smitty,O'Gormally,sogormally93@freewebs.com
329,Julianne,Abramson,jabramson94@hostgator.com
330,Analiese,Bruford,abruford95@buzzfeed.com
331,Kirstin,Kyncl,kkyncl96@tiny.cc
332,Onfroi,Coad,ocoad97@msn.com
333,Corrianne,Habeshaw,chabeshaw98@apache.org
334,Tessi,De Andreis,tdeandreis99@merriam-webster.com
335,Barn,Goodacre,bgoodacre9a@ocn.ne.jp
336,Ashlan,Wingatt,awingatt9b@noaa.gov
337,Asa,MacAlpine,amacalpine9c@accuweather.com
338,Gussi,Doy,gdoy9d@china.com.cn
339,Joye,Bengle,jbengle9e@auda.org.au
340,Saul,Camerana,scamerana9f@freewebs.com
341,Trixi,Coppins,tcoppins9g@mtv.com
342,Nikolai,Clarae,nclarae9h@accuweather.com
343,Ashely,O'Crevan,aocrevan9i@msu.edu
344,Bill,Joskovitch,bjoskovitch9j@google.com.br
345,Hollyanne,Gateman,hgateman9k@berkeley.edu
346,Mandie,Andrag,mandrag9l@nih.gov
347,Engracia,Coggill,ecoggill9m@prweb.com
348,Amara,Baddiley,abaddiley9n@cbc.ca
349,Eustace,Dowsey,edowsey9o@ning.com
350,Napoleon,Eake,neake9p@barnesandnoble.com
351,Fanchette,Cheyne,fcheyne9q@uiuc.edu
352,Jerald,Belleny,jbelleny9r@fda.gov
353,Luciano,Zanicchelli,lzanicchelli9s@hp.com
354,Konstanze,Haydon,khaydon9t@biglobe.ne.jp
355,Charyl,Bolderson,cbolderson9u@hibu.com
356,Delores,Milier,dmilier9v@prlog.org
357,Demetria,Guiett,dguiett9w@auda.org.au
358,Devon,Mardy,dmardy9x@hatena.ne.jp
359,Elvis,Beidebeke,ebeidebeke9y@sina.com.cn
360,Shaylynn,Guillerman,sguillerman9z@ow.ly
361,Thelma,Kensett,tkensetta0@huffingtonpost.com
362,Janenna,Hamblyn,jhamblyna1@ebay.co.uk
363,Benedicta,Skinner,bskinnera2@imdb.com
364,Zaneta,Depport,zdepporta3@smugmug.com
365,Frank,Bartrum,fbartruma4@feedburner.com
366,Gabbi,Strangeway,gstrangewaya5@hostgator.com
367,Zoe,Sein,zseina6@ehow.com
368,Reiko,Cuskery,rcuskerya7@paginegialle.it
369,Boony,Benka,bbenkaa8@ebay.co.uk
370,Kimmi,Barnard,kbarnarda9@newyorker.com
371,Dewie,Wythill,dwythillaa@foxnews.com
372,Elisabetta,Talbot,etalbotab@ft.com
373,Enid,Laraway,elarawayac@microsoft.com
374,Rudolph,Chase,rchasead@istockphoto.com
375,Wolfie,Burness,wburnessae@cargocollective.com
376,Rey,Fowley,rfowleyaf@weather.com
377,Lisbeth,Mc Queen,lmcqueenag@bbc.co.uk
378,Selestina,O'Feeney,sofeeneyah@arizona.edu
379,Angelika,Fragino,afraginoai@google.es
380,Gerik,Rowbury,growburyaj@ihg.com
381,Corrine,Corradini,ccorradiniak@gnu.org
382,Braden,Lambertini,blambertinial@spiegel.de
383,Karly,Artingstall,kartingstallam@storify.com
384,Luciana,Roddan,lroddanan@epa.gov
385,Patty,Village,pvillageao@gravatar.com
386,Veronika,Waldren,vwaldrenap@ca.gov
387,Errol,Hourigan,ehouriganaq@newsvine.com
388,Darryl,Staker,dstakerar@wisc.edu
389,Jarid,Skinner,jskinneras@nymag.com
390,Ailbert,Domanek,adomanekat@github.com
391,Willdon,Bugbird,wbugbirdau@google.it
392,Halette,Bestwerthick,hbestwerthickav@china.com.cn
393,Armand,Ferrieres,aferrieresaw@hubpages.com
394,Harwell,MacAlpyne,hmacalpyneax@jiathis.com
395,Etta,McKean,emckeanay@elegantthemes.com
396,Kenyon,Whoolehan,kwhoolehanaz@networkadvertising.org
397,Lory,Feeney,lfeeneyb0@unesco.org
398,Cally,Winterborne,cwinterborneb1@miitbeian.gov.cn
399,Had,Salzburg,hsalzburgb2@va.gov
400,Marijo,Struys,mstruysb3@angelfire.com
401,Carmencita,Rawles,crawlesb4@studiopress.com
402,Roxanne,Pinches,rpinchesb5@netscape.com
403,Berti,Ackenhead,backenheadb6@scientificamerican.com
404,Lancelot,Breckell,lbreckellb7@hatena.ne.jp
405,Grover,Keeri,gkeerib8@tuttocitta.it
406,Norbert,Arnason,narnasonb9@google.de
407,Cristie,Clayton,cclaytonba@nba.com
408,Timothy,Gorbell,tgorbellbb@fema.gov
409,Sonya,Kitteringham,skitteringhambc@moonfruit.com
410,Karoly,Coneley,kconeleybd@wikispaces.com
411,Rhodie,Ketch,rketchbe@ebay.co.uk
412,Dewey,Signorelli,dsignorellibf@cpanel.net
413,Addison,Blackler,ablacklerbg@taobao.com
414,Kristien,Arney,karneybh@merriam-webster.com
415,Chick,Risbridge,crisbridgebi@hatena.ne.jp
416,Renata,Kidman,rkidmanbj@scribd.com
417,Thomasina,Wasmer,twasmerbk@unblog.fr
418,Bliss,Pilsworth,bpilsworthbl@foxnews.com
419,Jonell,Gilstin,jgilstinbm@printfriendly.com
420,Martainn,Wellings,mwellingsbn@livejournal.com
421,Kimmie,Crannis,kcrannisbo@wikispaces.com
422,Josephine,Goggey,jgoggeybp@ebay.co.uk
423,Ritchie,Brammar,rbrammarbq@sphinn.com
424,Halli,Toseland,htoselandbr@multiply.com
425,Adrea,Lount,alountbs@indiatimes.com
426,Eloise,Devericks,edevericksbt@phpbb.com
427,Dalli,Orro,dorrobu@geocities.jp
428,Nicholas,Bartaletti,nbartalettibv@businessinsider.com
429,Amandy,Comberbach,acomberbachbw@addtoany.com
430,Cheslie,Bellini,cbellinibx@deliciousdays.com
431,Damian,Dumbarton,ddumbartonby@tinypic.com
432,Giustina,Woolens,gwoolensbz@auda.org.au
433,Terrence,Nibley,tnibleyc0@liveinternet.ru
434,Jeremy,Ruffle,jrufflec1@usatoday.com
435,Dana,Mumby,dmumbyc2@admin.ch
436,Raddie,Durand,rdurandc3@reverbnation.com
437,Pen,Bussel,pbusselc4@tinyurl.com
438,Augustin,Clarycott,aclarycottc5@nih.gov
439,Starlene,Tether,stetherc6@opensource.org
440,Lyell,Cotgrove,lcotgrovec7@kickstarter.com
441,Margie,Nettleship,mnettleshipc8@unblog.fr
442,Linnea,Trevenu,ltrevenuc9@pinterest.com
443,Nissa,Eggerton,neggertonca@flavors.me
444,Camala,Boggis,cboggiscb@vk.com
445,Elisha,Aizikowitz,eaizikowitzcc@about.com
446,Daren,Armour,darmourcd@un.org
447,Nolie,Tolemache,ntolemachece@hatena.ne.jp
448,Alvin,Brookzie,abrookziecf@va.gov
449,Edgardo,Somerscales,esomerscalescg@wikia.com
450,Mortimer,L'oiseau,mloiseauch@businessweek.com
451,Molly,Livens,mlivensci@ft.com
452,Wileen,Stanwix,wstanwixcj@dailymotion.com
453,Merrily,Ormond,mormondck@miibeian.gov.cn
454,Thorpe,Gumn,tgumncl@hao123.com
455,Pearline,Basili,pbasilicm@live.com
456,Domenico,O'Donnelly,dodonnellycn@home.pl
457,Roxy,Cawkwell,rcawkwellco@parallels.com
458,Arther,Sneesby,asneesbycp@networkadvertising.org
459,Amalee,McCurlye,amccurlyecq@marketwatch.com
460,Wang,Attaway,wattawaycr@multiply.com
461,Collin,Willishire,cwillishirecs@goodreads.com
462,Tiffany,Honnicott,thonnicottct@washingtonpost.com
463,Tadeas,Jaume,tjaumecu@reference.com
464,Ermina,Coffelt,ecoffeltcv@oaic.gov.au
465,Devan,Sargent,dsargentcw@eventbrite.com
466,Sena,Donett,sdonettcx@networksolutions.com
467,Callean,Lube,clubecy@edublogs.org
468,Ryun,de Almeida,rdealmeidacz@tuttocitta.it
469,Gery,Chitty,gchittyd0@bizjournals.com
470,Donalt,Targetter,dtargetterd1@biblegateway.com
471,Janeczka,McAlarney,jmcalarneyd2@bloomberg.com
472,Ottilie,Gatrill,ogatrilld3@timesonline.co.uk
473,Roddy,Carlos,rcarlosd4@guardian.co.uk
474,George,Costellow,gcostellowd5@cdbaby.com
475,Chrissy,Darmody,cdarmodyd6@pinterest.com
476,Pebrook,Jauncey,pjaunceyd7@washingtonpost.com
477,Elyssa,Dolder,edolderd8@lulu.com
478,Eirena,Cayford,ecayfordd9@ucsd.edu
479,Saunderson,Garnall,sgarnallda@people.com.cn
480,Goldie,Sleford,gsleforddb@aol.com
481,Lynnelle,Dobbison,ldobbisondc@merriam-webster.com
482,Verna,Slesser,vslesserdd@imdb.com
483,Myles,Felton,mfeltonde@irs.gov
484,Bald,Marti,bmartidf@yahoo.co.jp
485,John,Dowell,jdowelldg@yellowbook.com
486,Doti,Yaneev,dyaneevdh@globo.com
487,Lothario,Blampied,lblampieddi@cargocollective.com
488,Nathanial,Durdy,ndurdydj@cnbc.com
489,Amelina,Fardy,afardydk@tuttocitta.it
490,Fey,Denyer,fdenyerdl@rakuten.co.jp
491,Donni,Seiffert,dseiffertdm@amazonaws.com
492,Mozelle,Abson,mabsondn@marriott.com
493,Vincent,Mucillo,vmucillodo@acquirethisname.com
494,Ryon,Drinkel,rdrinkeldp@opera.com
495,Norbert,Bartles,nbartlesdq@bandcamp.com
496,Lazar,Curnnok,lcurnnokdr@cmu.edu
497,Marylee,Solloway,msollowayds@live.com
498,Jock,Anders,jandersdt@about.me
499,Corrie,Navarre,cnavarredu@ask.com
500,Hobey,Heyns,hheynsdv@baidu.com
501,Nellie,Edgehill,nedgehilldw@skype.com
502,Geneva,Youens,gyouensdx@php.net
503,Adriena,Arran,aarrandy@plala.or.jp
504,Annamaria,Fortnum,afortnumdz@bloglines.com
505,Martie,Peasgood,mpeasgoode0@ow.ly
506,Ashia,Goggins,agogginse1@indiatimes.com
507,Gabriellia,Scanlin,gscanline2@google.co.jp
508,Taddeo,Briffett,tbriffette3@bloglovin.com
509,Hephzibah,Cheverell,hcheverelle4@who.int
510,Minnaminnie,Hanning,mhanninge5@timesonline.co.uk
511,Darline,Reedie,dreediee6@jimdo.com
512,Ibrahim,Scoggan,iscoggane7@biglobe.ne.jp
513,Rosaline,Jemison,rjemisone8@marriott.com
514,Chancey,Topham,ctophame9@dailymail.co.uk
515,Mercie,Wilshere,mwilshereea@rediff.com
516,Mona,Kennefick,mkennefickeb@lycos.com
517,Tim,Burger,tburgerec@tumblr.com
518,Sonnie,Reford,sreforded@wunderground.com
519,Isidoro,Filkin,ifilkinee@photobucket.com
520,Bernie,Maginn,bmaginnef@tiny.cc
521,Cati,Neeson,cneesoneg@baidu.com
522,Consolata,McGonigal,cmcgonigaleh@facebook.com
523,Patton,Kestell,pkestellei@chicagotribune.com
524,Raychel,Bantham,rbanthamej@trellian.com
525,Jacquelyn,Scoble,jscobleek@jalbum.net
526,Brandon,O'Glessane,boglessaneel@joomla.org
527,Ingrim,Van Arsdale,ivanarsdaleem@shutterfly.com
528,Justino,Gounet,jgouneten@dot.gov
529,Arden,Celler,acellereo@creativecommons.org
530,Danyelle,Stuckey,dstuckeyep@theglobeandmail.com
531,Sandy,Tildesley,stildesleyeq@hostgator.com
532,Wells,MacKeever,wmackeeverer@typepad.com
533,Zeb,Abramson,zabramsones@java.com
534,Bernardine,Livoir,blivoiret@alibaba.com
535,Elyse,Coils,ecoilseu@simplemachines.org
536,Bendix,Jallin,bjallinev@goo.gl
537,Roana,Leebetter,rleebetterew@google.ru
538,Oliver,Wilsher,owilsherex@free.fr
539,Reggis,Caven,rcaveney@homestead.com
540,Gayla,Hutten,ghuttenez@digg.com
541,Jason,Aspinal,jaspinalf0@mediafire.com
542,Hadlee,Maudett,hmaudettf1@pcworld.com
543,Renelle,Goare,rgoaref2@wp.com
544,Vonny,Seignior,vseigniorf3@people.com.cn
545,Isaiah,O'Looney,iolooneyf4@jugem.jp
546,Courtney,Waitland,cwaitlandf5@spotify.com
547,Jillana,Hasluck,jhasluckf6@nba.com
548,Netty,Gould,ngouldf7@webs.com
549,Daniella,Kovelmann,dkovelmannf8@weather.com
550,Ase,Gumb,agumbf9@bigcartel.com
551,Juditha,Leuchars,jleucharsfa@adobe.com
552,Beatrix,Sallinger,bsallingerfb@edublogs.org
553,Priscella,Sheaf,psheaffc@phpbb.com
554,Somerset,Espino,sespinofd@craigslist.org
555,Giff,Eland,gelandfe@vistaprint.com
556,Flinn,Sinkings,fsinkingsff@mit.edu
557,Piggy,Halewood,phalewoodfg@blinklist.com
558,Chadwick,Gooderridge,cgooderridgefh@csmonitor.com
559,Bendix,Durston,bdurstonfi@zimbio.com
560,Dotty,Camble,dcamblefj@virginia.edu
561,Timmi,Filer,tfilerfk@jalbum.net
562,Abdul,Fanshaw,afanshawfl@foxnews.com
563,Frankie,Noir,fnoirfm@slideshare.net
564,Emmerich,Liepina,eliepinafn@cocolog-nifty.com
565,Marlo,Pierrepont,mpierrepontfo@ezinearticles.com
566,Livy,Hanton,lhantonfp@sfgate.com
567,Yule,Willimot,ywillimotfq@istockphoto.com
568,Annecorinne,Ansill,aansillfr@51.la
569,Daryl,Champneys,dchampneysfs@weebly.com
570,Hyacinthe,Rusk,hruskft@purevolume.com
571,Mareah,Enderwick,menderwickfu@stanford.edu
572,Nedi,Micklewicz,nmicklewiczfv@bbb.org
573,Herc,Brien,hbrienfw@fema.gov
574,Pippy,Bayliss,pbaylissfx@va.gov
575,Roseann,Tolomio,rtolomiofy@latimes.com
576,Marilyn,Edmondson,medmondsonfz@symantec.com
577,Cal,Stanyard,cstanyardg0@diigo.com
578,Carmella,MacKain,cmackaing1@telegraph.co.uk
579,Niki,Lamy,nlamyg2@amazonaws.com
580,Perice,Pentercost,ppentercostg3@mashable.com
581,Keane,Jollye,kjollyeg4@eventbrite.com
582,Aluino,Summerson,asummersong5@cyberchimps.com
583,Melloney,Manueli,mmanuelig6@meetup.com
584,Leoline,Renals,lrenalsg7@adobe.com
585,Gun,Izakov,gizakovg8@dedecms.com
586,Esra,Riepl,erieplg9@rakuten.co.jp
587,Aveline,Vedekhin,avedekhinga@angelfire.com
588,Alyse,Dyka,adykagb@imgur.com
589,Lindon,Putley,lputleygc@jugem.jp
590,Noreen,Trask,ntraskgd@latimes.com
591,Koral,Tiltman,ktiltmange@amazon.co.jp
592,Hubie,Huntriss,hhuntrissgf@marriott.com
593,Seth,Pumphrey,spumphreygg@ft.com
594,Chilton,Delhanty,cdelhantygh@salon.com
595,Selig,Lickorish,slickorishgi@last.fm
596,Lucilia,Dryburgh,ldryburghgj@bizjournals.com
597,Lanny,Dunridge,ldunridgegk@unicef.org
598,Lenee,Harvard,lharvardgl@smh.com.au
599,Hamilton,Durran,hdurrangm@etsy.com
600,Erhart,Kesby,ekesbygn@europa.eu
601,Ryun,Billanie,rbillaniego@techcrunch.com
602,Lynne,Cammock,lcammockgp@wordpress.org
603,Bunnie,Stubbings,bstubbingsgq@ucoz.com
604,Aridatha,Beynkn,abeynkngr@nyu.edu
605,Hilarius,Murty,hmurtygs@cisco.com
606,Waite,Rathbone,wrathbonegt@google.it
607,Quint,Climo,qclimogu@gnu.org
608,Windy,McAuley,wmcauleygv@dell.com
609,Penelopa,Kettlestringes,pkettlestringesgw@mediafire.com
610,Rodolfo,Mabbitt,rmabbittgx@odnoklassniki.ru
611,Tami,Bannester,tbannestergy@army.mil
612,Torrie,Soares,tsoaresgz@studiopress.com
613,Shandeigh,Pedroli,spedrolih0@telegraph.co.uk
614,Shayla,Bubear,sbubearh1@usa.gov
615,Norry,Thake,nthakeh2@ft.com
616,Curtis,Huttley,chuttleyh3@privacy.gov.au
617,Jana,Dusey,jduseyh4@prnewswire.com
618,Eden,Caw,ecawh5@answers.com
619,Dar,Rustidge,drustidgeh6@twitpic.com
620,Yulma,Crook,ycrookh7@wufoo.com
621,Roderigo,Goodburn,rgoodburnh8@eventbrite.com
622,Kristos,Osgordby,kosgordbyh9@artisteer.com
623,Solly,Brodie,sbrodieha@netlog.com
624,Ly,Matelaitis,lmatelaitishb@gov.uk
625,Dorice,Bendig,dbendighc@geocities.jp
626,Dominic,Von Der Empten,dvonderemptenhd@diigo.com
627,Danyette,Thornham,dthornhamhe@example.com
628,My,Gall,mgallhf@newsvine.com
629,Cherry,Daffey,cdaffeyhg@lulu.com
630,Beverlie,Britt,bbritthh@exblog.jp
631,Preston,Stollhofer,pstollhoferhi@state.tx.us
632,Cliff,Stigger,cstiggerhj@networkadvertising.org
633,Abrahan,Benger,abengerhk@miitbeian.gov.cn
634,Karolina,Ruilton,kruiltonhl@about.me
635,Fran,Balston,fbalstonhm@ning.com
636,Shelden,Trevorrow,strevorrowhn@umn.edu
637,Eberhard,Veregan,evereganho@amazon.de
638,Letti,Davidde,ldaviddehp@nih.gov
639,Phineas,Thunderchief,pthunderchiefhq@usda.gov
640,Dotty,Stookes,dstookeshr@privacy.gov.au
641,Rudy,Huxtable,rhuxtablehs@surveymonkey.com
642,Joyous,Pauleau,jpauleauht@cdbaby.com
643,Deloris,Hablot,dhablothu@elpais.com
644,Toby,Drinkel,tdrinkelhv@cafepress.com
645,Gina,Izaac,gizaachw@simplemachines.org
646,Minnie,Nisby,mnisbyhx@dmoz.org
647,Forrest,Bier,fbierhy@craigslist.org
648,Sophie,Possel,sposselhz@seattletimes.com
649,Lambert,McGonagle,lmcgonaglei0@xrea.com
650,Farr,Byway,fbywayi1@yandex.ru
651,Alfreda,Twitty,atwittyi2@comsenz.com
652,Jaime,Barrington,jbarringtoni3@ucla.edu
653,Constantia,De Fries,cdefriesi4@macromedia.com
654,Emilee,Lukins,elukinsi5@dailymail.co.uk
655,Brandyn,Beisley,bbeisleyi6@netvibes.com
656,Winn,Sevier,wsevieri7@google.es
657,Maxim,Malling,mmallingi8@amazon.co.uk
658,Janek,Morfell,jmorfelli9@buzzfeed.com
659,Aurora,Caunce,acaunceia@storify.com
660,Simonne,Biaggiotti,sbiaggiottiib@foxnews.com
661,Jude,Huntly,jhuntlyic@geocities.com
662,Nichol,Demangeon,ndemangeonid@salon.com
663,Phedra,Dumbrill,pdumbrillie@nymag.com
664,Hilario,Costall,hcostallif@bloomberg.com
665,Fransisco,Langfitt,flangfittig@hibu.com
666,Sallyann,Shermar,sshermarih@bing.com
667,Fay,Angrock,fangrockii@patch.com
668,Stefania,Bradnum,sbradnumij@ocn.ne.jp
669,Mellisent,Cerith,mcerithik@macromedia.com
670,Vern,Zannuto,vzannutoil@japanpost.jp
671,Karine,Ewestace,kewestaceim@adobe.com
672,Terrence,Tirrell,ttirrellin@flickr.com
673,Bonnee,Gwyneth,bgwynethio@unicef.org
674,Bria,Escolme,bescolmeip@behance.net
675,Natassia,Mattheeuw,nmattheeuwiq@omniture.com
676,Rodger,Ravilus,rravilusir@who.int
677,Harri,Shergold,hshergoldis@yandex.ru
678,Winfield,Kaveney,wkaveneyit@trellian.com
679,Evey,Snelson,esnelsoniu@slate.com
680,Maxwell,Vye,mvyeiv@themeforest.net
681,Brocky,Tatershall,btatershalliw@prnewswire.com
682,Reynold,Pechell,rpechellix@spiegel.de
683,Sancho,Alcock,salcockiy@last.fm
684,Michele,Gillham,mgillhamiz@baidu.com
685,Renato,Lismore,rlismorej0@hatena.ne.jp
686,Gloria,Aubri,gaubrij1@aboutads.info
687,Willard,Carnaman,wcarnamanj2@kickstarter.com
688,Carolann,Isard,cisardj3@studiopress.com
689,Trudey,Callam,tcallamj4@goodreads.com
690,Ciro,Eddowes,ceddowesj5@discuz.net
691,Melonie,Shipperbottom,mshipperbottomj6@fema.gov
692,Niccolo,Ropartz,nropartzj7@stanford.edu
693,Veronica,Inston,vinstonj8@mapquest.com
694,Moshe,Daborn,mdabornj9@sina.com.cn
695,Buiron,Mattisson,bmattissonja@gizmodo.com
696,Carena,Conachy,cconachyjb@youku.com
697,Channa,Flicker,cflickerjc@wordpress.com
698,Marijo,Hearnah,mhearnahjd@howstuffworks.com
699,Royce,Edling,redlingje@arstechnica.com
700,Wain,Kopfen,wkopfenjf@smh.com.au
701,Angelita,Routh,arouthjg@rakuten.co.jp
702,Hamish,Benettolo,hbenettolojh@posterous.com
703,Mackenzie,Kurt,mkurtji@theatlantic.com
704,Vally,Ninnotti,vninnottijj@jigsy.com
705,Bertie,Kyncl,bkyncljk@abc.net.au
706,Dillon,Whitsey,dwhitseyjl@slate.com
707,Gordie,Danser,gdanserjm@linkedin.com
708,Aleece,Shera,asherajn@google.de
709,Roana,Toma,rtomajo@ycombinator.com
710,Renee,Eseler,reselerjp@cmu.edu
711,Lesly,Malley,lmalleyjq@i2i.jp
712,Nerissa,Wordley,nwordleyjr@etsy.com
713,Jeffy,Cowerd,jcowerdjs@newsvine.com
714,Shurlocke,Bertwistle,sbertwistlejt@nature.com
715,Joleen,Servant,jservantju@loc.gov
716,Kinsley,Nozzolii,knozzoliijv@ebay.co.uk
717,Frans,Stancer,fstancerjw@vkontakte.ru
718,Allie,Voase,avoasejx@oracle.com
719,Galven,Kovacs,gkovacsjy@pcworld.com
720,Alexia,Moorey,amooreyjz@prweb.com
721,Chauncey,Skeat,cskeatk0@hatena.ne.jp
722,Marla,Greenroa,mgreenroak1@canalblog.com
723,Wanda,Skeermor,wskeermork2@cargocollective.com
724,Tony,Kosel,tkoselk3@utexas.edu
725,Tony,Kaser,tkaserk4@digg.com
726,Everard,McColgan,emccolgank5@etsy.com
727,Bevan,Tavernor,btavernork6@jigsy.com
728,Diego,Loxton,dloxtonk7@japanpost.jp
729,Ethyl,Troutbeck,etroutbeckk8@istockphoto.com
730,Didi,Francioli,dfranciolik9@berkeley.edu
731,Lishe,Bewshaw,lbewshawka@accuweather.com
732,Maddie,O'Glessane,moglessanekb@cocolog-nifty.com
733,Gamaliel,Bartoszewicz,gbartoszewiczkc@yellowpages.com
734,Neille,Bartot,nbartotkd@yolasite.com
735,Bryna,Middell,bmiddellke@photobucket.com
736,Rochette,Jan,rjankf@bandcamp.com
737,Lizbeth,Dyton,ldytonkg@china.com.cn
738,Lorrayne,Dunridge,ldunridgekh@squidoo.com
739,Alicea,Faill,afaillki@meetup.com
740,Sigfrid,Bertelsen,sbertelsenkj@pagesperso-orange.fr
741,Terry,Brissenden,tbrissendenkk@usa.gov
742,Riva,Iacopini,riacopinikl@nba.com
743,Janie,Curtain,jcurtainkm@woothemes.com
744,Marci,Sirette,msirettekn@bandcamp.com
745,Karlie,Thurnham,kthurnhamko@zdnet.com
746,Enrichetta,Whittington,ewhittingtonkp@state.gov
747,Glynnis,McCarthy,gmccarthykq@example.com
748,Sergent,Petrak,spetrakkr@thetimes.co.uk
749,Genny,MacKessock,gmackessockks@walmart.com
750,Teddie,Arnaudet,tarnaudetkt@about.com
751,Hersch,Stot,hstotku@amazon.co.jp
752,Ardis,Houlison,ahoulisonkv@weather.com
753,Aili,Meates,ameateskw@comcast.net
754,Alexandra,Chevis,acheviskx@mac.com
755,Dorene,Dibden,ddibdenky@people.com.cn
756,Adeline,Kliche,aklichekz@foxnews.com
757,Aline,Hayball,ahayballl0@dailymail.co.uk
758,Gabriella,MacKaig,gmackaigl1@engadget.com
759,Jillie,Boon,jboonl2@domainmarket.com
760,Thoma,Gaspard,tgaspardl3@mozilla.org
761,Udale,Tsar,utsarl4@opensource.org
762,Ring,Domanek,rdomanekl5@webs.com
763,Kirsteni,Conre,kconrel6@over-blog.com
764,Austine,Pipe,apipel7@youtu.be
765,Addie,Colson,acolsonl8@woothemes.com
766,Sheilah,Grigorey,sgrigoreyl9@google.nl
767,Bord,Saines,bsainesla@squarespace.com
768,Gaby,De Blasiis,gdeblasiislb@forbes.com
769,Sayre,Hunday,shundaylc@ask.com
770,Martita,Paolini,mpaolinild@ning.com
771,Bendix,Cuffin,bcuffinle@behance.net
772,Lynne,Beak,lbeaklf@discovery.com
773,Jocelyn,Robelet,jrobeletlg@uiuc.edu
774,Fleur,Gerg,fgerglh@umn.edu
775,Berri,Bambridge,bbambridgeli@engadget.com
776,Gorden,Matschuk,gmatschuklj@apple.com
777,Davidson,MacDonogh,dmacdonoghlk@nationalgeographic.com
778,Torrence,Cookman,tcookmanll@smh.com.au
779,Engelbert,Hane,ehanelm@un.org
780,Mort,Gerbel,mgerbelln@shutterfly.com
781,Dewitt,Skakunas,dskakunaslo@gmpg.org
782,Clint,Malpass,cmalpasslp@wordpress.org
783,Tedmund,Cruxton,tcruxtonlq@slate.com
784,Robinett,Sibbert,rsibbertlr@guardian.co.uk
785,Tandie,Preto,tpretols@uiuc.edu
786,Albert,Joubert,ajoubertlt@ft.com
787,Barbabas,D'Costa,bdcostalu@ed.gov
788,Stearn,Titcom,stitcomlv@webnode.com
789,Marji,Zorzutti,mzorzuttilw@alexa.com
790,Tiphanie,Yude,tyudelx@arstechnica.com
791,Joanie,O'Riordan,joriordanly@army.mil
792,Fernando,Gheorghie,fgheorghielz@techcrunch.com
793,Godfree,Scoullar,gscoullarm0@jugem.jp
794,Si,Baitman,sbaitmanm1@hubpages.com
795,Nerte,Mangam,nmangamm2@wikipedia.org
796,Anya,Dulling,adullingm3@icq.com
797,Elysha,MacNelly,emacnellym4@salon.com
798,Herbert,Karpov,hkarpovm5@columbia.edu
799,Milicent,Kimmel,mkimmelm6@wordpress.org
800,Bobbette,Philimore,bphilimorem7@bloglovin.com
801,Diana,Espinas,despinasm8@canalblog.com
802,Aila,Slott,aslottm9@pcworld.com
803,Klarrisa,Sherebrook,ksherebrookma@tinypic.com
804,Lewie,Le Breton,llebretonmb@yandex.ru
805,Jackqueline,Attow,jattowmc@theatlantic.com
806,Madelon,Tellett,mtellettmd@sbwire.com
807,Kakalina,Redmille,kredmilleme@about.me
808,Magda,Whitcombe,mwhitcombemf@unesco.org
809,Bernadina,Calverley,bcalverleymg@bloglovin.com
810,Daisie,Colbron,dcolbronmh@bluehost.com
811,Nichole,Neame,nneamemi@cisco.com
812,Claire,Ghiriardelli,cghiriardellimj@drupal.org
813,Flori,Penhaleurack,fpenhaleurackmk@sfgate.com
814,Brooke,Rodd,broddml@aboutads.info
815,Flor,Wallwork,fwallworkmm@a8.net
816,Maribel,Nickels,mnickelsmn@theglobeandmail.com
817,Maryann,Cheeseman,mcheesemanmo@dell.com
818,Dynah,Lotterington,dlotteringtonmp@salon.com
819,Mercie,Schiesterl,mschiesterlmq@usatoday.com
820,Ingmar,Smythe,ismythemr@buzzfeed.com
821,Kacie,Dundridge,kdundridgems@furl.net
822,Garner,Semmence,gsemmencemt@unesco.org
823,Ferdy,Creany,fcreanymu@woothemes.com
824,Bancroft,Iddison,biddisonmv@quantcast.com
825,Barbabra,Greathead,bgreatheadmw@berkeley.edu
826,Addie,Leishman,aleishmanmx@slideshare.net
827,Kalle,McVane,kmcvanemy@multiply.com
828,Ilyssa,Battelle,ibattellemz@unblog.fr
829,Nevins,Vagges,nvaggesn0@merriam-webster.com
830,Wendeline,Oldford,woldfordn1@aboutads.info
831,Kristo,Benzi,kbenzin2@dmoz.org
832,Britney,Pentin,bpentinn3@studiopress.com
833,Holmes,Chaffey,hchaffeyn4@macromedia.com
834,David,Pluck,dpluckn5@google.es
835,Shawna,Sugarman,ssugarmann6@blogger.com
836,Vicky,Memmory,vmemmoryn7@craigslist.org
837,Bev,Hallock,bhallockn8@about.me
838,Granny,Wilbud,gwilbudn9@ted.com
839,Corina,Sandhill,csandhillna@nba.com
840,Kaila,Pinnegar,kpinnegarnb@usa.gov
841,Harlene,Littledyke,hlittledykenc@edublogs.org
842,Vlad,Fortin,vfortinnd@zimbio.com
843,Arlena,Fodden,afoddenne@vimeo.com
844,Susy,Gooderick,sgoodericknf@uol.com.br
845,Atlante,Kulvear,akulvearng@wired.com
846,Caroljean,Serrurier,cserruriernh@amazon.de
847,Sissie,Cochern,scochernni@pcworld.com
848,Irvine,Cristofvao,icristofvaonj@github.com
849,Averil,Westlake,awestlakenk@meetup.com
850,Diane,Lockart,dlockartnl@cloudflare.com
851,Matias,Hogbin,mhogbinnm@nifty.com
852,Humfrid,Semerad,hsemeradnn@123-reg.co.uk
853,Karin,Sworne,ksworneno@netlog.com
854,Brockie,McCoveney,bmccoveneynp@com.com
855,Shirlee,Arbuckle,sarbucklenq@indiatimes.com
856,Genovera,Valde,gvaldenr@altervista.org
857,Leeanne,Gokes,lgokesns@examiner.com
858,Rania,Withur,rwithurnt@salon.com
859,Marta,Rootham,mroothamnu@exblog.jp
860,Gabrielle,Migheli,gmighelinv@gnu.org
861,Noni,Turrill,nturrillnw@livejournal.com
862,Baily,Atcheson,batchesonnx@arstechnica.com
863,Aigneis,Tingly,atinglyny@angelfire.com
864,Nappy,Russell,nrussellnz@wisc.edu
865,Lexi,Cahalan,lcahalano0@reddit.com
866,Babara,Zimmerman,bzimmermano1@globo.com
867,Bartram,Peche,bpecheo2@dagondesign.com
868,Becki,Crowe,bcroweo3@senate.gov
869,Hashim,Kingwell,hkingwello4@myspace.com
870,Erny,Frany,efranyo5@chron.com
871,Cassie,Hallatt,challatto6@scribd.com
872,Wendall,Liddiatt,wliddiatto7@webs.com
873,Guthry,Clemmett,gclemmetto8@surveymonkey.com
874,Robinet,Bothen,rbotheno9@miitbeian.gov.cn
875,Lazaro,Scapens,lscapensoa@live.com
876,Jamison,Aiskrigg,jaiskriggob@weibo.com
877,Debra,Mapholm,dmapholmoc@google.de
878,Hoyt,Basset,hbassetod@admin.ch
879,Lori,Anear,lanearoe@aboutads.info
880,Whitby,Haisell,whaisellof@cisco.com
881,Alexandra,Hardes,ahardesog@china.com.cn
882,Franklyn,Davidovici,fdavidovicioh@cargocollective.com
883,Whitney,Tanslie,wtanslieoi@macromedia.com
884,Allyson,Billam,abillamoj@apache.org
885,Lynea,Jonah,ljonahok@webmd.com
886,Harman,Mehew,hmehewol@jugem.jp
887,Genna,Carefull,gcarefullom@mtv.com
888,Sheridan,Battle,sbattleon@sohu.com
889,Reggi,Hirjak,rhirjakoo@discuz.net
890,Gale,Badsworth,gbadsworthop@cnbc.com
891,Gerri,O'Nolan,gonolanoq@elpais.com
892,Willdon,Tuson,wtusonor@webeden.co.uk
893,Sergio,Garraway,sgarrawayos@rakuten.co.jp
894,Aloise,Sawers,asawersot@mysql.com
895,Carlee,Sidery,csideryou@yale.edu
896,Ware,Grigson,wgrigsonov@archive.org
897,Lora,Heake,lheakeow@myspace.com
898,Brendis,De Bernardis,bdebernardisox@smugmug.com
899,Vail,Pidler,vpidleroy@hp.com
900,Ilse,Reburn,ireburnoz@blinklist.com
901,Katey,Casey,kcaseyp0@nhs.uk
902,Ninon,Pouton,npoutonp1@usgs.gov
903,Rooney,Addington,raddingtonp2@usatoday.com
904,Odessa,Gabrieli,ogabrielip3@fda.gov
905,Sheelah,Mauchlen,smauchlenp4@hao123.com
906,Hertha,Lauridsen,hlauridsenp5@wikimedia.org
907,Thurstan,Kennon,tkennonp6@reddit.com
908,Curtis,Smalcombe,csmalcombep7@nps.gov
909,Tamiko,Caroline,tcarolinep8@sourceforge.net
910,Early,Ockendon,eockendonp9@symantec.com
911,Felicity,Thorneloe,fthorneloepa@mayoclinic.com
912,Adriaens,Reddish,areddishpb@ftc.gov
913,Eadmund,Donisthorpe,edonisthorpepc@sitemeter.com
914,Huntlee,Yushankin,hyushankinpd@wp.com
915,Gussie,Chominski,gchominskipe@merriam-webster.com
916,Sheryl,Alfwy,salfwypf@nba.com
917,Cammy,McKeon,cmckeonpg@4shared.com
918,Danika,Kees,dkeesph@tripod.com
919,Karlens,Lorens,klorenspi@amazon.de
920,Rosabella,Alcorn,ralcornpj@springer.com
921,Dru,Lorenzin,dlorenzinpk@goo.ne.jp
922,Vasili,Newbury,vnewburypl@cloudflare.com
923,Ossie,Mutimer,omutimerpm@sourceforge.net
924,Kamillah,Provost,kprovostpn@princeton.edu
925,Reynard,Screach,rscreachpo@tamu.edu
926,Phyllida,Rye,pryepp@tinyurl.com
927,Celestyn,Simeoni,csimeonipq@twitter.com
928,Harley,Halksworth,hhalksworthpr@home.pl
929,Sarene,Cocking,scockingps@techcrunch.com
930,Jeromy,Ketchen,jketchenpt@list-manage.com
931,Reta,Lanphier,rlanphierpu@slate.com
932,Elissa,Norridge,enorridgepv@princeton.edu
933,Ase,Thurske,athurskepw@microsoft.com
934,Dionis,Drakeford,ddrakefordpx@gravatar.com
935,Teodorico,Hammerton,thammertonpy@yelp.com
936,Jacquelyn,Reglar,jreglarpz@paginegialle.it
937,Monica,Birts,mbirtsq0@a8.net
938,Anton,Rosengren,arosengrenq1@nationalgeographic.com
939,Warren,Piris,wpirisq2@ftc.gov
940,Hartwell,Chase,hchaseq3@people.com.cn
941,Lilian,Esmond,lesmondq4@usda.gov
942,Anabal,Haruard,aharuardq5@ucla.edu
943,Ursula,Nuccitelli,unuccitelliq6@aol.com
944,Tyson,Marple,tmarpleq7@msu.edu
945,Korney,Isaak,kisaakq8@dmoz.org
946,Lyndsay,Blenkensop,lblenkensopq9@cnn.com
947,Patricio,Geggie,pgeggieqa@digg.com
948,Phyllis,Gentile,pgentileqb@goo.ne.jp
949,Bradly,Brosoli,bbrosoliqc@etsy.com
950,Anet,St. Clair,astclairqd@people.com.cn
951,Mame,Gerram,mgerramqe@fotki.com
952,Adore,Kondratenko,akondratenkoqf@admin.ch
953,Sergeant,Leathley,sleathleyqg@friendfeed.com
954,Normand,Knocker,nknockerqh@typepad.com
955,Andie,Cork,acorkqi@flavors.me
956,Wilow,Thelwll,wthelwllqj@webmd.com
957,Melony,Whittam,mwhittamqk@kickstarter.com
958,Joellen,Sykora,jsykoraql@foxnews.com
959,Bettina,Hallwood,bhallwoodqm@spotify.com
960,Korry,McGinnis,kmcginnisqn@posterous.com
961,Sholom,Blenkinship,sblenkinshipqo@typepad.com
962,Prescott,Thring,pthringqp@51.la
963,El,McFayden,emcfaydenqq@wunderground.com
964,Gerrie,Vispo,gvispoqr@go.com
965,Oliy,Jenteau,ojenteauqs@squarespace.com
966,Kenn,Jovicevic,kjovicevicqt@springer.com
967,Agata,Bruton,abrutonqu@ameblo.jp
968,Vivia,Gant,vgantqv@wikia.com
969,Dev,Cobbold,dcobboldqw@mit.edu
970,Murielle,Broggini,mbrogginiqx@scientificamerican.com
971,Lenard,Griffey,lgriffeyqy@opera.com
972,Casey,Brightwell,cbrightwellqz@icq.com
973,Lorilyn,Lawton,llawtonr0@un.org
974,Dalli,Colbertson,dcolbertsonr1@dion.ne.jp
975,Shena,Van Salzberger,svansalzbergerr2@cnbc.com
976,Solomon,Sherrard,ssherrardr3@twitpic.com
977,Katinka,Pennells,kpennellsr4@psu.edu
978,Gabbie,Crosier,gcrosierr5@samsung.com
979,Tasha,Manhare,tmanharer6@odnoklassniki.ru
980,Hieronymus,Germain,hgermainr7@deviantart.com
981,Moritz,O'Siaghail,mosiaghailr8@odnoklassniki.ru
982,Errol,Maith,emaithr9@hubpages.com
983,Lissa,Verlinden,lverlindenra@reddit.com
984,Egbert,Yerill,eyerillrb@desdev.cn
985,Bartolemo,Bielfelt,bbielfeltrc@house.gov
986,Coreen,Netti,cnettird@wunderground.com
987,Iorgo,Bum,ibumre@goodreads.com
988,Vale,Croad,vcroadrf@yahoo.co.jp
989,Jehu,Bassford,jbassfordrg@reddit.com
990,Neron,Ebbin,nebbinrh@shop-pro.jp
991,Bonnee,Skeete,bskeeteri@chron.com
992,Sheelah,Dullard,sdullardrj@si.edu
993,Roby,Chippendale,rchippendalerk@nature.com
994,Izzy,Ferreira,iferreirarl@cdbaby.com
995,Bryan,Swaite,bswaiterm@cisco.com
996,Dareen,Cicero,dcicerorn@forbes.com
997,Heddi,Kohtler,hkohtlerro@cbc.ca
998,Nobie,Sawday,nsawdayrp@unesco.org
999,Dinnie,Rame,dramerq@whitehouse.gov
1000,Germain,Brosi,gbrosirr@java.com
